,year,iso_a3,country_name,local_price,dollar_ex,dollar_price,big_mac_index,relative_PPP,GDP per capita,Curr Acc Balance,GGB,labor comp per capita,big_mac_affordability
0,2000,AUS,Australia,2.59,1.68,1.5416666666666667,-38.57901726427622,1.0218669785879062,26343.0767,-3.726698858,-1.29277943331186,60.65460443496704,46.814797541651245
1,2000,BRA,Brazil,2.95,1.79,1.6480446927374302,-34.34084889492309,1.2646481857820009,9060.788667,-3.80802597,-4.85425593797439,53.7806510925293,15.06274596139308
2,2000,CAN,Canada,2.85,1.47,1.9387755102040818,-22.75794780063418,0.885974224400504,29362.08416,2.483228327,2.63970396113812,65.38953185081482,41.492202562076415
3,2000,CHE,Switzerland,5.9,1.7,3.4705882352941178,38.2704476212796,2.2940621007609847,36772.69462,10.61357617,0.281337704716356,67.21661686897278,29.028827886696078
4,2000,CHL,Chile,1260.0,514.0,2.4513618677042803,-2.336180569550572,92.4668116273747,9538.075278,-1.152730154,1.3030821570476874,49.85175430774689,10.660079784500978
5,2000,CHN,China,9.9,8.28,1.1956521739130437,-52.3644552225879,7.920243699806148,2920.560791,1.693848601,-7.96311812612871,59.19618010520935,6.692194091457035
6,2000,CZE,Czech Republic,54.37,39.1,1.3905370843989768,-44.60011615940331,34.319792003369194,16235.48063,-4.350372114,-3.57563564178522,51.487308740615845,31.988193158142714
7,2000,DNK,Denmark,24.75,8.04,3.0783582089552244,22.643753344829666,17.372057547931686,28658.12496,1.377834646,1.887315011175,62.21997141838074,25.505612251656288
8,2000,GBR,Britain,1.9,0.632911392,3.00200000192128,19.60159370204304,-1.0814524062034152,26472.19371,-2.173459593,1.35275375512062,58.84050130844116,24.159413079004675
9,2000,HUN,Hungary,339.0,279.0,1.2150537634408602,-51.59148352825258,76.94417909716609,11853.17852,-8.838848078,-3.04138710956697,60.82942485809326,26.7267693625894
10,2000,IDN,Indonesia,14500.0,7945.0,1.8250471994965387,-27.288956195357017,99.30256816986646,4743.944717,4.843064528,-1.654320673156246,44.48153376579285,7.121519277574871
11,2000,JPN,Japan,294.0,106.0,2.7735849056603774,10.501390663760057,73.91533378028925,27287.27019,2.630455489,-5.911139426354821,58.19888114929199,26.95415748895723
12,2000,KOR,South Korea,3000.0,1108.0,2.707581227436823,7.871762049275821,96.68685221846978,18538.83553,1.766953612,4.16660016721033,50.6752073764801,18.758931294283105
13,2000,MEX,Mexico,20.9,9.41,2.221041445270988,-11.512293017092102,15.449924362885865,11089.48999,-2.648996074,-2.7434651734137074,39.72209393978119,13.679242420646261
14,2000,NZL,New Zealand,3.4,2.01,1.691542288557214,-32.607876949911784,1.6522801851477622,21513.70277,-3.302848712,1.62367843523394,53.98242473602295,34.84491745987107
15,2000,POL,Poland,5.5,4.3,1.2790697674418605,-49.04104512183822,4.000881737021933,10672.12109,-6.005709188,-3.9943458969676,62.59515881538391,22.859337826650062
16,2000,RUS,Russia,39.5,28.5,1.3859649122807018,-44.78227441112741,27.321888951770106,6825.391511,17.47424248,-0.32555174070254783,51.92491412162781,13.492190606103692
17,2000,SWE,Sweden,24.0,8.84,2.7149321266968327,8.16462656162682,17.16537731717997,29618.27926,4.447208815,3.13638970313739,52.15964913368225,29.88876582858447
18,2000,USA,United States,2.51,1.0,2.51,0.0,0.0,36334.90878,-3.920351703,0.335568442813897,63.70731592178345,39.66043636959014
19,2000,ZAF,South Africa,9.0,6.72,1.3392857142857144,-46.64200341491177,7.028178243774574,8498.518594,-0.125569953,-3.26294165634603,56.10615015029907,17.385097397771688
20,2001,AUS,Australia,3.0,1.98,1.5151515151515151,-40.348365545215934,1.4416004707266843,27439.82779,-2.106905036,-0.74340340321793,60.81547141075134,49.61722285315068
21,2001,BRA,Brazil,3.6,2.19,1.6438356164383563,-35.28206234494661,1.888189559422436,9260.768381,-4.235658681,-6.5223365108252,54.514724016189575,15.434613968333332
22,2001,CAN,Canada,3.33,1.56,2.1346153846153846,-15.960024227740766,1.1568611394412227,30230.80297,2.132369792,0.529468967089921,65.73811769485474,38.80048758336419
23,2001,CHE,Switzerland,6.3,1.73,3.6416184971098264,43.3708069728278,2.500829259539204,37896.69696,6.837868584,0.207109829019697,69.1474199295044,28.511104910110898
24,2001,CHL,Chile,1260.0,601.0,2.0965058236272878,-17.460400644594976,92.49290398355683,9962.27425,-1.549914197,1.3030821570476874,49.45792555809021,13.018758043596433
25,2001,CHN,China,9.9,8.28,1.1956521739130437,-52.92707976720301,7.920243699806148,3210.009396,1.299167957,-6.49210915083558,58.80331993103027,7.355438715616438
26,2001,CZE,Czech Republic,56.0,39.0,1.435897435897436,-43.46860488592772,34.97698882314266,17621.05413,-4.826232749,-5.75954800192003,51.11325979232788,33.62138508170254
27,2001,DNK,Denmark,24.75,8.46,2.9255319148936167,15.178421846205392,17.494563595275654,29437.31034,2.941944281,1.14055420849418,63.64558935165405,27.567692871332504
28,2001,GBR,Britain,1.99,0.699300699,2.845700001223651,12.035433119041361,-0.8390038251040797,27807.16932,-1.96352284,0.216195295541333,60.08405685424805,26.771629300870597
29,2001,HUN,Hungary,399.0,303.0,1.316831683168317,-48.15623294612925,79.69602571479594,13207.92217,-6.120205511,-3.99940254696825,60.72734594345093,27.479660916057266
30,2001,IDN,Indonesia,14700.0,10855.0,1.3542146476278212,-46.68446269181806,99.31517422535386,4956.361105,4.301048531,-1.654320673156246,44.54861879348755,10.027266758880813
31,2001,JPN,Japan,294.0,124.0,2.370967741935484,-6.654813309626617,74.01752087768133,27942.34665,1.970870923,-5.911139426354821,58.21548104286194,32.28823953592396
32,2001,KOR,South Korea,3000.0,1325.0,2.2641509433962264,-10.860199078888733,96.70115642118078,19724.42595,0.395356059,2.90715428233916,51.06097459793091,23.86745605821918
33,2001,MEX,Mexico,21.9,9.29,2.357373519913886,-7.190018901028106,16.03168702221995,11136.02191,-2.346023937,-2.7434651734137074,41.174426674842834,12.942220997548006
34,2001,NZL,New Zealand,3.6,2.47,1.45748987854251,-42.61850871879882,2.068059962796805,22508.93671,-0.776440241,1.30228727702157,54.11621928215027,42.31131938637748
35,2001,POL,Poland,5.9,4.03,1.4640198511166254,-42.361423184384826,4.188838667500827,11119.71515,-3.114630119,-4.74135945584916,64.75979685783386,20.80912563478059
36,2001,RUS,Russia,35.0,28.9,1.2110726643598617,-52.319973844099934,25.02883506343714,7361.363679,10.45453474,-0.32555174070254783,51.92491412162781,16.653104526270056
37,2001,SWE,Sweden,24.0,10.28,2.3346303501945527,-8.08541928367903,17.472072298230202,29927.59927,6.174171508,1.40646099760717,53.78326177597046,35.1205160383105
38,2001,USA,United States,2.54,1.0,2.54,0.0,0.0,37133.24281,-3.724113129,-1.84742375421343,64.03365731239319,40.053114885125666
39,2001,ZAF,South Africa,9.7,8.13,1.193111931119311,-53.02708932601138,7.754683745561247,8801.288929,0.253001643,-2.02687201761899,54.54134941101074,20.210275100344585
40,2002,AUS,Australia,3.0,1.86,1.6129032258064515,-35.22477004793368,1.3466958972752898,28768.72863,-4.04768675,0.706782470000374,60.08172631263733,48.867429453698634
41,2002,BRA,Brazil,3.6,2.34,1.5384615384615385,-38.214396045721344,1.9899019899019894,9568.066027,-1.597200402,-6.14244913982525,53.306978940963745,17.03902169191781
42,2002,CAN,Canada,3.33,1.57,2.1210191082802545,-14.818509707620308,1.1700192506723561,30963.053,1.645030324,-0.233895789038062,65.74026346206665,39.99505797029907
43,2002,CHE,Switzerland,6.3,1.66,3.7951807228915664,52.41689650166932,2.3563680875902477,38814.37174,7.09398965,-1.74204466384583,70.99910378456116,28.019942199782566
44,2002,CHL,Chile,1400.0,655.0,2.1374045801526718,-14.160458628406769,93.19083969465649,10319.94536,-0.831807295,1.3030821570476874,49.34079647064209,13.228110001565557
45,2002,CHN,China,10.5,8.28,1.2681159420289856,-49.07164891449858,8.35464620630861,3534.84913,2.408758466,-4.46696080428928,60.32833456993103,7.636934323913894
46,2002,CZE,Czech Republic,56.28,34.0,1.6552941176470588,-33.52232459248761,34.953100769358166,18252.57277,-5.188617052,-6.3513616962135,52.24952697753906,30.210370563036093
47,2002,DNK,Denmark,24.75,8.38,2.9534606205250595,18.612876326307592,17.47217585529053,30640.34562,1.937137955,-0.015387113245999,64.09457325935364,28.422980079767537
48,2002,GBR,Britain,1.99,0.689655172,2.8855000017313,15.883534206076288,-0.8780272592717914,29062.12387,-2.103197679,-1.87132036668638,59.30173993110657,27.593920336270607
49,2002,HUN,Hungary,459.0,272.0,1.6875,-32.22891566265061,81.80903398926655,14526.38826,-6.450988185,-8.79771369035393,58.834558725357056,23.584191999999998
50,2002,IDN,Indonesia,16000.0,9430.0,1.696712619300106,-31.85893095180298,99.36834339988013,5190.365062,3.998526908,-1.654320673156246,44.91589665412903,8.381017557304794
51,2002,JPN,Japan,262.0,130.0,2.0153846153846153,-19.060858819894978,71.81895452613685,28623.58845,2.602565208,-5.911139426354821,56.96854591369629,38.91107914357419
52,2002,KOR,South Korea,3100.0,1304.0,2.3773006134969323,-4.526079779239678,96.80070935582822,21396.83775,0.648246377,3.11125462620611,50.56726932525635,24.658839086168804
53,2002,MEX,Mexico,21.9,9.28,2.3599137931034484,-5.224345658496055,16.029603122966822,11187.47696,-1.926726326,-2.7434651734137074,40.45115113258362,12.988026044761368
54,2002,NZL,New Zealand,3.6,2.24,1.607142857142857,-35.45611015490535,1.923607280750138,23306.27954,-2.095219363,3.25647095375829,52.75929570198059,39.73064396468798
55,2002,POL,Poland,5.9,4.04,1.4603960396039604,-41.34955664241124,4.192260585831955,11804.26626,-2.784921215,-4.81757270867038,62.24696636199951,22.14498987248665
56,2002,RUS,Russia,39.0,31.2,1.25,-49.7991967871486,27.15827338129496,8037.474535,7.952328909,-0.32555174070254783,51.92491412162781,17.616382542465754
57,2002,SWE,Sweden,26.0,10.4,2.5,0.40160642570279403,18.65079365079365,30926.5056,4.666509571,-1.40909412793419,53.75034213066101,33.89206093150685
58,2002,USA,United States,2.49,1.0,2.49,0.0,0.0,38023.16111,-4.170551601,-5.3031923556799,62.96166777610779,41.83656391043626
59,2002,ZAF,South Africa,9.7,10.9,0.8899082568807338,-64.26071257507093,8.031077249880825,9154.891519,0.781933978,-2.72537204306375,52.9168426990509,28.18480936508968
60,2003,AUS,Australia,3.0,1.61,1.8633540372670807,-31.241548440329126,1.103539769643611,29807.40956,-6.270498228,0.794190376363078,60.151207447052,43.826419535707764
61,2003,BRA,Brazil,4.55,3.07,1.482084690553746,-45.31052802384702,2.934400104683169,9733.773304,0.642666421,-4.75106845764603,52.95776128768921,17.993487305903958
62,2003,CAN,Canada,3.2,1.45,2.206896551724138,-18.564702888408192,0.9623095429029673,32349.94366,1.164988138,-0.126957864812588,64.57537412643433,40.160460879280826
63,2003,CHE,Switzerland,6.3,1.37,4.598540145985401,69.68782826514396,1.6006207469563487,38840.88188,11.0545883,-1.35540681551433,70.20038962364197,23.140686312502716
64,2003,CHL,Chile,1400.0,716.0,1.9553072625698324,-27.848440495578142,93.20297951582866,10839.95973,-0.293737946,-0.189104524142558,50.21911263465881,15.188671559060666
65,2003,CHN,China,9.9,8.28,1.1956521739130437,-55.879993582544515,7.920243699806148,3937.312875,2.593019028,-4.14247862787618,59.812796115875244,9.02198716064757
66,2003,CZE,Czech Republic,56.57,28.9,1.9574394463667821,-27.769762126687002,34.88060327881025,19538.0704,-5.780255836,-6.85802344080934,52.376753091812134,27.346419374226624
67,2003,DNK,Denmark,27.75,6.78,4.092920353982301,51.03027136466054,18.5182619538299,30820.38922,3.19266056,-0.133147614335798,64.23335671424866,20.630604853669013
68,2003,GBR,Britain,1.99,0.632911392,3.1442000020122878,16.022140295656385,-1.131679578402086,30355.28338,-1.806163795,-3.10253418732192,58.76073241233826,26.450340274785255
69,2003,HUN,Hungary,490.0,224.0,2.1875,-19.280442804428045,82.6800847457627,15481.32011,-8.252912831,-7.18164823515817,60.68269610404968,19.389520294324853
70,2003,IDN,Indonesia,16100.0,8740.0,1.8421052631578947,-32.02563604583414,99.37134502923975,5465.264103,3.453042877,-1.654320673156246,45.40485441684723,8.128377139491194
71,2003,JPN,Japan,262.0,120.0,2.183333333333333,-19.434194341943424,71.77255985267035,29392.24899,3.083938908,-5.911139426354821,56.282925605773926,36.88246239464603
72,2003,KOR,South Korea,3300.0,1220.0,2.7049180327868854,-0.18752646542857798,96.97926711668275,22095.87083,1.609224575,-2.13302442781822,51.203811168670654,22.380209557990867
73,2003,MEX,Mexico,23.0,10.53,2.184235517568851,-19.40090341074351,16.923385758074105,11488.29563,-1.144192415,-1.32252368416166,40.09079933166504,14.409976531733175
74,2003,NZL,New Zealand,3.95,1.78,2.2191011235955056,-18.114349682822674,1.665126384227508,23973.63396,-2.405991792,3.38437530276398,52.949392795562744,29.598105391919542
75,2003,POL,Poland,6.3,3.89,1.6195372750642671,-40.238476934897896,4.403069355536908,12288.46287,-2.51254135,-6.03610686157856,60.04700064659119,20.78804982139596
76,2003,RUS,Russia,41.0,31.1,1.3183279742765273,-51.353211281308965,28.143029805477642,9254.537201,7.697985735,-0.32555174070254783,50.82308053970337,19.23261656873371
77,2003,SWE,Sweden,30.0,8.34,3.597122302158273,32.735140301043295,20.309905921416714,31814.86351,5.853956252,-1.21632623168566,53.376251459121704,24.231594673369866
78,2003,USA,United States,2.71,1.0,2.71,0.0,0.0,39496.48588,-4.55826395,-6.41433585447499,62.14457154273987,39.929723378658444
79,2003,ZAF,South Africa,13.95,7.56,1.8452380952380953,-31.91003338604814,10.622871351260995,9483.132346,-0.782444924,-3.63797231185594,52.7124285697937,14.080125798745028
80,2004,AUS,Australia,3.25,1.43,2.272727272727273,-21.630094043887137,0.9465111160026414,31407.46145,-6.722438234,0.927763579276846,60.324400663375854,37.86104941917807
81,2004,BRA,Brazil,5.4,3.18,1.6981132075471699,-41.444372153545864,3.512226558304393,10445.34718,1.657373199,-2.96232736296647,52.52270698547363,16.852462725722983
82,2004,CAN,Canada,3.19,1.37,2.3284671532846715,-19.70802919708029,0.8348995510372406,33925.70673,2.263150764,0.767669538252837,63.93342614173889,39.91773798265126
83,2004,CHE,Switzerland,6.3,1.29,4.883720930232558,68.40417000801924,1.3323415519919493,40336.40896,12.79910238,-1.38568155881088,68.5238242149353,22.628383369602087
84,2004,CHL,Chile,1400.0,641.0,2.1840873634945397,-24.686642638119316,93.18772750910037,11810.24332,2.843629857,2.76924205546272,45.680803060531616,14.814806199843444
85,2004,CHN,China,10.4,8.28,1.2560386473429954,-56.68832250541396,8.28257368900091,4425.874191,3.525766041,-0.804628380340608,57.28844404220581,9.65390893084299
86,2004,CZE,Czech Republic,56.42,26.5,2.129056603773585,-26.58425504229016,34.708440989788016,20932.07842,-3.72009537,-2.36953865069805,52.304357290267944,26.93594898000806
87,2004,DNK,Denmark,27.75,6.22,4.461414790996785,53.84188934471672,18.229812296675703,32938.6921,2.363355656,2.0731728722497,63.23632001876831,20.227438219128718
88,2004,GBR,Britain,1.88,0.558659218,3.365199999259656,16.041379284815726,-1.4577934818017826,32058.41549,-2.312471713,-3.04219474672946,59.72720384597778,26.099867863541952
89,2004,HUN,Hungary,530.0,211.0,2.5118483412322274,-13.3845399575094,83.72827804107425,16272.00583,-9.070274212,-6.58932235946504,60.76837182044983,17.74822036769191
90,2004,IDN,Indonesia,16100.0,9120.0,1.7653508771929824,-39.12583182093164,99.37181882174573,5816.181753,0.60856133,-1.654320673156246,45.093733072280884,9.026389447351313
91,2004,JPN,Japan,262.0,113.0,2.3185840707964602,-20.048825144949646,71.73519777049822,30830.65845,3.719383505,-5.911139426354821,55.42069673538208,36.43066406828401
92,2004,KOR,South Korea,3200.0,1177.0,2.7187765505522514,-6.24908446371546,96.88730980149842,23773.82865,3.692741162,-0.077968894340975,50.962233543395996,23.95701739815925
93,2004,MEX,Mexico,24.0,11.6,2.0689655172413794,-28.656361474435187,17.68631813125695,12090.99121,-0.896993137,-0.852532368670327,38.083210587501526,16.010901602283106
94,2004,NZL,New Zealand,4.35,1.64,2.652439024390244,-8.536585365853655,1.6267953767223342,25091.15698,-4.507910099,3.82683635375488,53.18002700805664,25.916861878255396
95,2004,POL,Poland,6.3,3.87,1.627906976744186,-43.86527666399358,4.395195694502176,13353.6821,-5.732817056,-5.00776451600112,56.31466507911682,22.473907252446185
96,2004,RUS,Russia,42.0,29.0,1.4482758620689655,-50.05945303210464,28.557552209810588,10226.76615,9.908322543,-0.32555174070254783,50.12374520301819,19.34613296477495
97,2004,SWE,Sweden,30.0,7.61,3.9421813403416555,35.93728759798813,20.04447589204488,33858.61143,5.946824622,0.202035620173034,52.57301926612854,23.53096191619178
98,2004,USA,United States,2.9,1.0,2.9,0.0,0.0,41712.80107,-5.206329634,-5.77504257114317,61.71151399612427,39.40746440245631
99,2004,ZAF,South Africa,12.4,6.66,1.8618618618618619,-35.79786683234959,9.375567738557063,10058.74099,-2.507263924,-3.74090069029129,52.409619092941284,14.801417364869643
100,2005,AUS,Australia,3.25,1.3015,2.4971187091817133,-18.394813425434208,0.7291828482501566,32653.40162,-6.235720216,1.59920115059954,59.303462505340576,35.82583958561012
101,2005,BRA,Brazil,5.9,2.4648,2.393703343070432,-21.77440055325386,3.31095057311574,10988.96115,1.552581956,-2.78169311458485,53.54456901550293,12.577474549579751
102,2005,CAN,Canada,3.28,1.2494,2.6252601248599325,-14.207185462093708,0.6339464321650535,36327.22865,1.869656187,1.55312009791853,62.943536043167114,37.91115893360341
103,2005,CHE,Switzerland,6.3,1.2475,5.050100200400801,65.03595426146408,1.1758229535269975,41749.21645,11.65452709,-0.642358304326107,67.73232221603394,22.649335734453143
104,2005,CHL,Chile,1500.0,592.45,2.531859228626888,-17.259502332454645,93.59175879821082,12746.58969,1.483859578,5.02306771065965,43.11443567276001,13.793090523909592
105,2005,CHN,China,10.5,8.2764,1.2686675366101203,-58.54027658136862,8.3541470256922,5053.945798,5.79092165,-0.04081182945234,56.82186484336853,10.914149250506771
106,2005,CZE,Czech Republic,56.42,24.5409,2.2990191883753246,-24.868653974662593,34.59978315536675,22095.38785,-2.04873349,-3.02656956824642,52.03590393066406,26.33092819936897
107,2005,DNK,Denmark,27.75,6.0647,4.57565914224941,49.53134451795458,18.14038423307287,34150.15946,4.162095985,4.95503054106776,63.45982551574707,20.447782014272445
108,2005,GBR,Britain,1.88,0.546448087,3.4404000027179156,12.431372637840376,-1.5316058134255162,32747.35401,-1.902791096,-3.11347931205953,59.48011875152588,26.07800780104384
109,2005,HUN,Hungary,530.0,203.643,2.6025937547570996,-14.947916511205895,83.71387400718142,17112.20217,-9.874719888,-7.77708348285355,61.334896087646484,18.013854673069577
110,2005,IDN,Indonesia,14600.0,9545.0,1.529596647459403,-50.01318145557507,99.309322471786,6254.614382,0.097088247,-1.654320673156246,43.86868178844452,11.202907539161192
111,2005,JPN,Japan,250.0,106.715,2.342688469287354,-23.44155329126294,70.7592318659179,32169.86749,3.521140656,-4.43846152112727,55.40456771850586,37.62199900488055
112,2005,KOR,South Korea,2500.0,1005.5,2.486325211337643,-18.74754211314893,96.0582182611024,25186.86757,1.305870789,1.35182304455658,51.83563232421875,27.753857908641095
113,2005,MEX,Mexico,28.0,10.8675,2.576489533011272,-15.800995653226401,19.86211755233494,12657.63767,-1.031732217,-0.721209221389657,37.59930431842804,13.459577042928084
114,2005,NZL,New Zealand,4.45,1.4023,3.1733580546245452,3.704511589037418,1.2222517428199664,25677.41908,-6.995367949,4.47118825067357,53.59153151512146,22.168659243271666
115,2005,POL,Poland,6.5,3.3096,1.9639835629683344,-35.81753062194986,4.259170363410016,13896.79338,-2.889160096,-3.93830575550463,56.30348324775696,19.385807110831614
116,2005,RUS,Russia,42.0,28.4055,1.4785868933833237,-51.680166882897915,28.53620641311034,11822.34693,11.04540057,-0.32555174070254783,49.43422973155975,21.90604538291683
117,2005,SWE,Sweden,31.0,7.4402,4.166554662509072,36.16191707545988,20.483546059153383,34244.46502,6.012812683,1.81096761097,52.77303457260132,22.51751379954079
118,2005,USA,United States,3.06,1.0,3.06,0.0,0.0,44114.74778,-5.747109583,-4.44771982507819,60.56353449821472,39.49749107350702
119,2005,ZAF,South Africa,13.95,6.6482,2.0983123251406393,-31.427701792789563,10.400779003825678,10785.08331,-2.774763682,-2.30610997441519,51.82737708091736,14.08187575225453
120,2006,AUS,Australia,3.25,1.331665,2.4405537428707667,-21.902280228135464,0.7839673192534948,34369.61939,-6.062232621,1.58161890918586,58.80502462387085,38.58277699050315
121,2006,BRA,Brazil,6.300000000000001,2.283,2.7595269382391594,-11.695137976346903,3.3306425792670193,11642.44705,1.181714492,-4.50231402468229,54.047101736068726,11.558906986366601
122,2006,CAN,Canada,3.52,1.145425,3.0730951393587533,-1.6609555405198928,0.43170871391155985,38119.4132,1.363656246,1.82760436294437,63.42618465423584,33.98422234169521
123,2006,CHE,Switzerland,6.3,1.243225,5.067465663898329,62.158901244746524,1.1594866755424942,46502.92827,12.74106264,0.842378309933941,65.92808365821838,25.141814741670252
124,2006,CHL,Chile,1560.0,526.35,2.963807352522086,-5.158164719293257,93.79736100286011,15753.9601,4.525042817,7.38366980592907,38.4863942861557,14.56286775313488
125,2006,CHN,China,10.5,8.04505,1.305150371967856,-58.23518809702861,8.321130885096963,5836.573437,8.424125738,1.24474048537517,55.735933780670166,12.251930888280977
126,2006,CZE,Czech Republic,60.525,22.97265,2.6346546872041317,-15.691050009467789,36.06313366316516,23923.70388,-2.55726329,-2.15014326452803,51.459234952926636,24.877793097559916
127,2006,DNK,Denmark,27.75,5.997574999999999,4.626870026635766,48.059840852344514,18.100297435118776,37334.39016,3.344701402,4.98710007232549,63.26290965080261,22.10695348032699
128,2006,GBR,Britain,1.91,0.5493636534999999,3.4767498501791585,11.255995205733083,-1.5373857817477763,34845.59177,-2.814397149,-2.74506643769105,60.010313987731934,27.458798828281903
129,2006,HUN,Hungary,560.0,206.65019999999998,2.709893336662631,-13.283413226795805,84.43789494899052,18389.41028,-7.276180676,-9.25691875249893,59.31329131126404,18.591855735049194
130,2006,IDN,Indonesia,14600.0,9392.5,1.554431727442108,-50.25818472185255,99.30915352566366,6708.575594,2.978708691,-1.654320673156246,43.98828446865082,11.824037580530119
131,2006,JPN,Japan,250.0,113.20500000000001,2.208383021951327,-29.331743297557534,70.79760485087104,33634.63171,3.795861729,-3.02875608544721,55.389565229415894,41.72721624910193
132,2006,KOR,South Korea,2500.0,964.925,2.5908749384667202,-17.092001969064953,96.05419711775129,26884.26733,0.198895401,1.9690503643839,52.308619022369385,28.428823729753695
133,2006,MEX,Mexico,28.5,10.9228,2.6092210788442523,-16.50492547698392,20.148466086502527,13812.9014,-0.363895588,-0.970869796770489,36.51983141899109,14.503778842770489
134,2006,NZL,New Zealand,4.45,1.533855,2.901186878811883,-7.162019878019743,1.4828273060680874,27755.52704,-7.065173414,5.02745284993372,54.71527576446533,26.210838188665043
135,2006,POL,Poland,6.5,3.107125,2.0919660457818723,-33.05708653498009,4.138999018045191,15152.33608,-4.324448197,-3.53945228817941,56.09286427497864,19.844131609091676
136,2006,RUS,Russia,47.0,27.866875,1.6865902617354833,-46.029111624464534,30.82544880154049,14912.23393,9.325459318,-0.32555174070254783,50.36163330078125,24.22368749041497
137,2006,SWE,Sweden,33.0,7.498225,4.401041579840562,40.833330554898,21.502976255758973,37730.16375,8.146858636,2.13507650397159,51.92832350730896,23.48769257653331
138,2006,USA,United States,3.125,1.0,3.125,0.0,0.0,46298.73144,-5.911436634,-3.33341900953438,60.55108904838562,40.590668659726035
139,2006,ZAF,South Africa,13.95,6.33865,2.20078407862873,-29.57490948388064,10.310852059123537,11586.78459,-4.00009533,0.147874306839187,51.36750936508179,14.424229811244368
140,2007,AUS,Australia,3.45,1.2184325,2.831506874611437,-14.585011323938557,0.5978667234302204,36599.85073,-7.513625113,0.65579083929179,59.333646297454834,35.413498212889195
141,2007,BRA,Brazil,6.65,2.02325,3.2867910539972818,-0.8509485973670738,3.1535011214277717,12549.931,0.030390421,-4.66609300595095,54.151612520217896,10.461076483983932
142,2007,CAN,Canada,3.755,1.11415,3.3702822779697525,1.667640361078493,0.3707943925885474,39575.30975,0.752359497,1.81965580691923,63.94949555397034,32.17104599015924
143,2007,CHE,Switzerland,6.3,1.2298499999999999,5.122575923893158,54.52717719134712,1.1076425927627866,51208.09883,8.584550934,1.56695943598957,64.87579941749573,27.387814892835618
144,2007,CHL,Chile,1617.5,533.45,3.0321492173587026,-8.532451965046695,94.00103934687868,16941.82983,4.275776117,7.73915779556731,38.41315805912018,15.307944566599902
145,2007,CHN,China,11.0,7.689500000000001,1.430522140581312,-56.84699425094082,8.62115122470152,6810.6039,9.947847388,3.60895233962612,55.30818700790405,13.04362109316314
146,2007,CZE,Czech Republic,52.5,21.30895,2.4637534932504885,-25.678627654585572,32.810653447048864,26282.37549,-4.703670288,-0.644844855582269,50.92825889587402,29.226344433014244
147,2007,DNK,Denmark,27.75,5.606675,4.949457566204568,49.30490395790552,17.847782727041434,39006.20232,1.515705688,5.02045812820832,64.92964625358582,21.59151913044413
148,2007,GBR,Britain,1.9649999999999999,0.5013225465,3.9196322082832955,18.239282301155214,-1.9169638682717558,35695.29849,-3.39945889,-2.63309435931129,60.35581827163696,24.95013132153007
149,2007,HUN,Hungary,595.0,187.31715,3.1764309888336437,-4.180060668668373,85.15447036131889,19099.85171,-7.280948313,-5.08152462438151,59.73290801048279,16.473948602462652
150,2007,IDN,Indonesia,15900.0,9052.5,1.7564208782104391,-47.015961441615715,99.36402236951119,7229.538282,2.427264127,-1.654320673156246,44.66852843761444,11.276883828345825
151,2007,JPN,Japan,280.0,121.94999999999999,2.2960229602296027,-30.73837224043432,73.07999395783432,35015.98657,4.623300483,-2.90102556789893,55.038559436798096,41.782774581325825
152,2007,KOR,South Korea,2900.0,931.325,3.113843180415,-6.068079022171958,96.56287189398616,29064.91808,0.893090073,3.95731623491433,51.939719915390015,25.572871828867264
153,2007,MEX,Mexico,29.0,10.828475000000001,2.6781241125827964,-19.211942305194686,20.4045549514862,14297.22139,-0.940137241,-0.710615641515271,36.23748421669006,14.626084496086943
154,2007,NZL,New Zealand,4.6,1.3538299999999999,3.3977678142750567,2.4967666447980763,1.149361554230347,29369.80819,-6.797017544,4.14270408682563,55.641114711761475,23.681791198253542
155,2007,POL,Poland,6.9,2.8618,2.411069955971766,-27.267874631319277,4.199186196471688,16802.83391,-6.697457078,-1.88251363359236,56.40355944633484,19.093249983576733
156,2007,RUS,Russia,50.5,26.090875,1.9355425987054862,-41.61259129093556,32.268742459331904,16648.24164,5.554566422,-0.32555174070254783,51.90645456314087,23.565289114283736
157,2007,SWE,Sweden,32.5,6.916449999999999,4.69894237650818,41.74788466088022,20.98193028188062,40905.14587,8.127695906,3.33119696603718,52.84140706062317,23.849812109804976
158,2007,USA,United States,3.3150000000000004,1.0,3.3150000000000004,0.0,0.0,47975.9677,-5.096603956,-3.97930342122564,60.40037274360657,39.65037930535754
159,2007,ZAF,South Africa,15.5,7.040375,2.2015872734051807,-33.58711090783769,11.513777252463047,12374.97015,-4.86191576,0.833324642498561,51.28187537193298,15.399810953567169
160,2008,AUS,Australia,3.45,1.026,3.3625730994152048,-5.8102773273051795,0.08451126204426816,37499.52513,-4.939847124,-3.84071630537229,56.91140294075012,30.55351422146516
161,2008,BRA,Brazil,7.5,1.5846,4.73305566073457,32.57858993654259,2.5739017109445856,13312.76676,-1.82417505,-2.74030211725691,54.966992139816284,7.706085920692603
162,2008,CAN,Canada,4.09,1.00355,4.07553186189029,14.16055635547031,0.013899642722365511,40376.30688,0.204634001,0.184485477426328,63.11977505683899,27.142474307146728
163,2008,CHE,Switzerland,6.5,1.02215,6.359144939588123,78.12730923216034,0.13225827268720805,54096.80786,1.623289679,1.92330868877306,65.45534133911133,23.306660549672916
164,2008,CHL,Chile,1550.0,494.65,3.13352875770747,-12.226085218278138,93.74948310559348,16501.80988,-3.72889127,4.66751101735819,43.09290647506714,14.427963335646487
165,2008,CHN,China,12.5,6.834,1.8290898448931812,-48.76499033912658,9.485253471206063,7574.224455,9.154122986,1.47446608963785,55.207616090774536,11.345150668596164
166,2008,CZE,Czech Republic,66.08,14.49795,4.557885770057146,27.671870309723978,37.04366222901183,27974.48713,-1.861336899,-1.96420355886674,51.74509882926941,16.81534693051111
167,2008,DNK,Denmark,28.0,4.7044,5.9518748405747814,66.71918320937765,17.22509778080095,41278.32683,2.946877469,3.17390813019585,64.93507027626038,19.00095506252955
168,2008,GBR,Britain,2.29,0.501039657,4.5704965026351205,28.025112118630837,-2.229442274547972,36863.58476,-3.876026921,-5.09522427493445,59.515076875686646,22.097407266783303
169,2008,HUN,Hungary,670.0,144.2578,4.644462899059877,30.096999973666037,86.4098100131091,20727.88997,-7.024499975,-3.78141460097503,59.53724980354309,12.227192008645536
170,2008,IDN,Indonesia,18700.0,9152.0,2.043269230769231,-42.76556776556776,99.45721665302781,7710.666304,0.024693325,-1.654320673156246,45.42015492916107,10.338878912051571
171,2008,JPN,Japan,280.0,106.855,2.6203734032099573,-26.60018478403481,72.99463857810264,35273.79115,2.782942348,-4.10962900877149,56.47484064102173,36.88043985648972
172,2008,KOR,South Korea,3200.0,1018.05,3.1432640832964984,-11.953387022507044,96.87444654293041,29946.07749,0.167376559,2.13128126309059,51.696741580963135,26.10154468210145
173,2008,MEX,Mexico,32.0,10.1685,3.1469734965825835,-11.849481888443037,21.85835341167986,14924.82161,-1.514250303,-0.934756000041571,35.892659425735474,12.993411690178512
174,2008,NZL,New Zealand,4.9,1.3177,3.7186005919405023,4.162481566960863,1.1262148789890354,29827.14255,-7.709481547,0.312841198272494,56.258344650268555,21.97552459498742
175,2008,POL,Poland,7.0,2.03145,3.4458145659504296,-3.478583586822692,3.3216686299528697,18303.35292,-6.991260319,-3.60610188002063,58.587414026260376,14.552777412655187
176,2008,RUS,Russia,59.0,23.2336,2.5394256593898494,-28.867628588519622,35.50979518277368,20163.60942,6.257977907,-0.32555174070254783,52.859628200531006,21.75403927655036
177,2008,SWE,Sweden,38.0,5.96085,6.374929749951769,78.56946078296272,22.916717572498722,42158.2957,7.881485666,1.9209595537025,53.74698042869568,18.118188675078947
178,2008,USA,United States,3.57,1.0,3.57,0.0,0.0,48382.55845,-4.734135671,-7.34253610494126,60.40886044502258,37.13023939986954
179,2008,ZAF,South Africa,16.95,7.56325,2.2411000561927743,-37.22408806182705,12.577084175978815,12845.72618,-5.186166646,-1.73786007379289,51.55150294303894,15.70379254550208
180,2009,AUS,Australia,4.34,1.2869,3.3724454114538815,-5.533741976081741,0.9273093622255301,40281.79967,-5.268980834,-5.64459058469918,57.71031379699707,32.724353257574016
181,2009,BRA,Brazil,8.03,1.9971,4.020830203795503,12.628297025084123,3.711163377029062,13269.12211,-1.585417927,-4.47642485066388,56.24669790267944,9.041356476869616
182,2009,CAN,Canada,3.89,1.16085,3.3509928069948747,-6.13465526625,0.5188249042305568,38865.41346,-2.966282423,-3.88135176862462,67.25448369979858,31.775832105532977
183,2009,CHE,Switzerland,6.5,1.08605,5.984991482896736,67.64682024920829,0.48357607239743117,53354.00464,6.308762332,0.494047129085824,68.06128025054932,24.42365299863941
184,2009,CHL,Chile,1750.0,548.55,3.19022878497858,-10.637849160263857,94.42214979540657,16159.60715,1.867873232,-4.04397595174881,43.96144151687622,13.877655580637963
185,2009,CHN,China,12.5,6.8327,1.8294378503373483,-48.75524228746924,9.48494413303347,8307.849519,4.768144371,1.13923709470136,55.2654504776001,12.441653349801928
186,2009,CZE,Czech Republic,67.92,18.66155,3.6395690604478195,1.9487131778100686,38.28039003070044,27761.50915,-2.34761966,-5.41134758947177,52.05227732658386,20.89778430216784
187,2009,DNK,Denmark,29.5,5.3375,5.526932084309133,54.81602477056398,18.512021556518043,40331.40688,3.524908301,-2.79814242201751,67.17942357063293,19.992466609890876
188,2009,GBR,Britain,2.29,0.620886626,3.688274000606352,3.3129972158641996,-1.366970378928881,35212.42048,-3.207662438,-9.98593557336621,60.01129150390625,26.156512466495784
189,2009,HUN,Hungary,720.0,199.1577,3.615225522287112,1.2668213525801608,87.36399688752596,20729.78393,-0.680348472,-4.74814130303511,59.13692116737366,15.70965026254095
190,2009,IDN,Indonesia,20900.0,10200.0,2.049019607843137,-42.604492777503154,99.5140522875817,8021.748065,1.969770562,-1.654320673156246,46.62141501903534,10.7258085158288
191,2009,JPN,Japan,320.0,92.565,3.4570301949981097,-3.164420308176197,75.36737376309569,33547.28342,2.754095835,-9.69302442485772,57.40921497344971,26.586509330242293
192,2009,KOR,South Korea,3400.0,1314.5,2.586534804108026,-27.548044702856412,97.06895614845405,29508.38151,3.505258198,-1.27621266461122,51.13298296928406,31.256057610713135
193,2009,MEX,Mexico,33.0,13.8104,2.389503562532584,-33.06712709992762,23.015410855238656,14547.64458,-0.861766866,-3.08037947252433,39.42110240459442,16.679849788927523
194,2009,NZL,New Zealand,4.9,1.59235,3.0772129242942823,-13.803559543577526,1.7376425888519718,30681.24454,-2.480107796,-2.96056220600496,56.306010484695435,27.316343160899635
195,2009,POL,Poland,7.6,3.15525,2.4086839394659694,-32.52986163960869,4.824643178934972,19239.92847,-4.221154585,-7.25205444507206,56.01898431777954,21.884204868409338
196,2009,RUS,Russia,67.0,32.7959,2.042938294116033,-42.77483769983101,38.89644413525987,19389.94118,4.12087479,-0.32555174070254783,56.88903331756592,26.003294702316992
197,2009,SWE,Sweden,39.0,7.90915,4.93099764197164,38.12318324850532,24.51007363886932,40279.4616,5.93722789,-0.836294624004128,54.91797924041748,22.379789512724976
198,2009,USA,United States,3.57,1.0,3.57,0.0,0.0,47099.98047,-2.628124854,-13.0999306744471,59.113609790802,36.145950247496266
199,2009,ZAF,South Africa,17.95,8.2805,2.1677434937503772,-39.27889373248242,13.38046333721884,12568.4536,-2.38458919,-3.85420450879439,52.24776268005371,15.884775828564889
200,2010,AUS,Australia,4.35,1.113636289,3.9061227107695298,6.821951985803998,0.42537354023044543,39336.66348,-3.896363502,-4.56111793655115,57.49547481536865,27.590449339952155
201,2010,BRA,Brazil,8.455,1.749125,4.833845494175659,32.19267532532306,3.338854368931208,14299.55514,-3.587268878,-2.95999816770964,55.24567365646362,8.104699135391234
202,2010,CAN,Canada,4.145,1.0395750000000001,3.987206310271023,9.039370386128232,0.15151345693886067,40099.44824,-3.596185671,-4.73755858174554,65.09516835212708,27.553503249730166
203,2010,CHE,Switzerland,6.5,1.041,6.243996157540827,70.75650386031234,0.24037919479734582,54858.44808,13.54708808,0.35122697439522,66.28134846687317,24.070661517926233
204,2010,CHL,Chile,1675.0,513.375,3.2627221816411005,-10.773322284690657,94.18238184892162,18161.80924,1.404238627,-0.169286702478715,43.96144151687622,15.250572592246982
205,2010,CHN,China,12.85,6.80205,1.8891363633022396,-48.33720063659952,9.71277238519961,9253.765188,3.906751888,2.2360497093924,54.82550859451294,13.420302435272193
206,2010,CZE,Czech Republic,67.64,18.978825,3.5639719529528304,-2.534951145434672,38.222398023769486,27881.968,-3.516146056,-4.15200094167854,52.28997468948364,21.433657288286902
207,2010,DNK,Denmark,29.72,5.4878,5.415649258354896,48.10344371745856,18.736008897352068,43003.05459,6.537677019,-2.71027147514494,64.1318678855896,21.75484088746124
208,2010,GBR,Britain,2.29,0.6405641255,3.5749738532617843,-2.234078757755853,-1.2562067193878037,36576.58654,-3.085011363,-9.19541370615837,59.92808938026428,28.03092560958326
209,2010,HUN,Hungary,730.0,204.309975,3.573002248177065,-2.2879968548791707,87.52132503034011,21751.83384,0.258370513,-4.42504485903087,57.206034660339355,16.678989033794537
210,2010,IDN,Indonesia,21840.0,9191.5,2.3761083609856932,-35.01982604118523,99.53338145687792,8505.748148,0.681277284,-0.339626135746115,46.58448100090027,9.807389244611121
211,2010,JPN,Japan,320.0,89.36000000000001,3.581020590868397,-2.068716744805399,75.33785224026943,35335.37351,3.835478963,-9.07583042450843,56.109994649887085,27.033980966212333
212,2010,KOR,South Korea,3400.0,1172.475,2.899848610844581,-20.696938624154438,97.06000432540445,31736.62844,2.443082516,0.882973015803889,49.587032198905945,29.9842090493062
213,2010,MEX,Mexico,32.0,12.797875000000001,2.50041510797691,-31.620370790586804,22.348170372744764,15255.01905,-0.456603645,-2.97155291159784,38.07435631752014,16.715053675044416
214,2010,NZL,New Zealand,4.95,1.3748038299999998,3.600513682013819,-1.535633121843405,1.2858373682574378,31222.45448,-2.340594853,-7.05266988620157,56.88426494598389,23.75799086819131
215,2010,POL,Poland,8.2,3.016275,2.71858500965595,-25.65401067147147,5.0660027637190845,21072.52658,-5.556086074,-7.40086699049794,56.34928345680237,21.236396628830438
216,2010,RUS,Russia,70.5,30.185125,2.33558747893209,-36.12796319858131,39.979127578338954,20490.12672,4.423334469,-0.32555174070254783,53.70755195617676,24.035637280055962
217,2010,SWE,Sweden,43.7,7.227824999999999,6.046078868816,65.34399824316061,26.203146229077245,42223.91967,5.888480316,-0.090077711964553,53.20724844932556,19.133387805323828
218,2010,USA,United States,3.6566666665,1.0,3.6566666665,0.0,0.0,48466.6576,-2.881540026,-12.3800089972935,58.79995822906494,36.313226060270765
219,2010,ZAF,South Africa,18.2,7.4205000000000005,2.452664914763156,-32.92621016750377,13.322618515428802,12912.12503,-1.299014153,-3.27877971325556,52.82972455024719,14.42336651890938
220,2011,AUS,Australia,4.56,0.922381589,4.943724001412174,21.6168266030055,-0.3669892897974123,42003.15806,-3.178403636,-4.61486967630437,57.54212737083435,23.27742109733295
221,2011,BRA,Brazil,9.5,1.5416,6.162428645563051,51.597260653457575,3.048010369348812,15040.06109,-2.923671607,-2.53894655448268,55.701667070388794,6.686592120070368
222,2011,CAN,Canada,4.73,0.94585,5.000792937569383,23.020736471571524,-0.2585629118393796,41666.70763,-2.774006026,-3.30873255346625,63.958919048309326,22.827452525028523
223,2011,CHE,Switzerland,6.5,0.80615,8.063015567822365,98.35216649009506,-1.4676202514763992,57987.50203,6.787159457,0.677588573279933,67.25530624389648,19.703529931078823
224,2011,CHL,Chile,1850.0,462.75,3.997839005942734,-1.652176975578512,94.66677748687474,20342.56148,-2.708988895,1.28514863105417,43.96144151687622,13.940792780259162
225,2011,CHN,China,14.65,6.445,2.2730799069045773,-44.08167510689848,10.795394760658894,10292.94048,1.802248021,1.53128701426937,54.99829053878784,12.406003346318201
226,2011,CZE,Czech Republic,69.32,17.0219,4.07240084831893,0.1820626892725663,38.53508100146531,29001.36804,-2.18679184,-2.70035149839144,52.36197113990784,19.510801075025338
227,2011,DNK,Denmark,28.5,5.19845,5.482403408708365,34.86847253895115,17.912526530188046,44403.38484,6.593530929,-2.05576661478475,63.71835470199585,22.189740535592215
228,2011,GBR,Britain,2.39,0.614137444,3.8916369997462654,-4.2647724539664145,-1.4665856038150846,37379.29097,-1.903390504,-7.43589881815552,59.689098596572876,26.315151275116733
229,2011,HUN,Hungary,760.0,188.0724,4.040996977759629,-0.5904802519156593,87.90220965374888,23038.80802,0.624334161,-5.20927605732607,57.17163681983948,15.619913184789647
230,2011,IDN,Indonesia,22534.0,8523.0,2.643904728382025,-34.95929327473494,99.54650567849968,9095.741723,0.188703953,-1.03515878875231,45.91916799545288,9.425392704008797
231,2011,JPN,Japan,320.0,78.365,4.083455624322083,0.45401289845221626,75.21822485135188,36214.43977,2.079153288,-8.98552595050466,57.34527111053467,24.297470655616866
232,2011,KOR,South Korea,3700.0,1056.2,3.503124408256012,-13.822277779679915,97.27623356820378,32546.75365,1.327632784,0.983334595689424,50.37407875061035,25.45418823038134
233,2011,MEX,Mexico,32.0,11.67075,2.7418974787395842,-32.548647509481334,22.165229182773043,16520.25922,-1.00733337,-5.29719477091961,36.78421080112457,16.50717596676498
234,2011,NZL,New Zealand,5.1,1.156069364,4.41150000061761,8.52398525504574,0.6550903895170215,32701.3786,-2.865769455,-4.26770097406408,56.47602677345276,20.308923964558264
235,2011,POL,Poland,8.63,2.7968,3.0856693363844396,-24.091775242695224,5.103866946161798,22827.69814,-5.365499131,-4.96725445311966,55.518126487731934,20.268418913935776
236,2011,RUS,Russia,75.0,27.7525,2.7024592379064947,-33.518837935879596,41.312880435482,22798.67443,4.754519891,2.95333242900712,54.70338463783264,23.113067109354336
237,2011,SWE,Sweden,48.4,6.3352,7.639853516858189,87.9422759374708,27.46640598594462,44608.58026,5.476158204,-0.337615899546796,53.70020866394043,15.997072210073137
238,2011,USA,United States,4.065,1.0,4.065,0.0,0.0,49882.55813,-2.929352576,-10.9559947540121,59.26562547683716,33.6198137323291
239,2011,ZAF,South Africa,19.45,6.76885,2.8734570865065705,-29.31224879442632,13.877390467554147,13393.76689,-2.019667384,-2.47502372796199,53.26507091522217,12.770419271525373
240,2012,AUS,Australia,4.68,0.9733317545,4.808226977454479,12.806684030782932,-0.12249424670852013,42836.67186,-4.169579902,-2.84701006343177,58.24652910232544,24.408320441654713
241,2012,BRA,Brazil,10.165,1.923575,5.284431332284938,23.97900065421359,4.430235254132493,15046.29018,-3.424900015,-2.317914080868,56.582051515579224,7.800785028669016
242,2012,CAN,Canada,4.925000000000001,1.0202,4.827484806900609,13.258495455583507,0.09293799675901077,42290.96541,-3.532247677,-2.52451700716013,65.05615711212158,24.001247708104856
243,2012,CHE,Switzerland,6.5,0.97285,6.681400010279077,56.75353584115557,-0.1703286481493682,59933.59868,9.446492605,0.233298220141595,68.09622049331665,24.57593318265037
244,2012,CHL,Chile,2050.0,499.55,4.1036933239915925,-3.722507625081106,95.15796775237249,21507.69257,-4.431739148,0.542586918313817,43.96144151687622,14.359061574799197
245,2012,CHN,China,15.525,6.352,2.444112090680101,-42.65824353925757,11.322993213001427,11168.6973,2.524448448,1.31464630324186,56.03400468826294,12.51954474658196
246,2012,CZE,Czech Republic,70.275,20.706674999999997,3.393833148006622,-20.3766657906272,39.278324388191685,29254.73127,-1.5122723,-3.8971002555203,53.2808780670166,23.616349180868784
247,2012,DNK,Denmark,30.0,5.998475,5.001271156418923,17.33572847950253,19.22979141813929,44803.96824,6.254334947,-3.49044439711785,62.98593878746033,24.543879761500822
248,2012,GBR,Britain,2.59,0.64875993,3.99223176437546,-6.337527464234349,-1.3668308454775906,38514.02617,-3.477647266,-8.0866526660683,59.128981828689575,26.430800150280177
249,2012,HUN,Hungary,737.5,241.954675,3.048091548551397,-28.48817207951938,87.69575026285953,23275.23186,1.544089096,-2.32358584062217,58.90500545501709,20.920552255345978
250,2012,IDN,Indonesia,23367.0,9321.25,2.5068526216977336,-41.186276576879145,99.56318723048666,9713.900487,-2.660273604,-1.34336536263517,45.93733251094818,10.616270681982583
251,2012,JPN,Japan,320.0,77.57,4.125306175067681,-3.215444611255691,75.2082604345077,37605.97426,0.958442611,-8.1964782635366,56.98697566986084,24.97513204921404
252,2012,KOR,South Korea,3700.0,1154.875,3.2038099361402748,-24.834834783071457,97.28411026483842,33557.12872,3.816453798,1.0179351402954,50.85257291793823,28.696252521666054
253,2012,MEX,Mexico,37.0,13.6857,2.7035518826220066,-36.5714795882561,25.0339037353124,17162.92737,-1.55132485,-4.72690618652223,36.17641627788544,17.392571277868125
254,2012,NZL,New Zealand,5.1,1.2667810679999998,4.025952178186484,-5.546406728045373,1.0219294213258945,32988.60976,-3.908650838,-2.34822910583984,56.31881356239319,22.449286222727913
255,2012,POL,Poland,9.1,3.4904,2.607151042860417,-38.83315715095822,5.951282270522074,23745.6978,-4.050560753,-3.79077293799224,55.69058656692505,24.953178865307848
256,2012,RUS,Russia,78.0,32.267275,2.417309797620035,-43.28705699143115,42.46218550695504,24303.47341,3.227927656,1.75376671374955,55.09600043296814,27.545024937676768
257,2012,SWE,Sweden,40.486509935,6.95575,5.82058152391906,36.557717412866594,24.675627878520224,45432.43197,5.505562042,-1.11343955228386,55.44601082801819,21.384876381278783
258,2012,USA,United States,4.262359999999999,1.0,4.262359999999999,0.0,0.0,51602.93105,-2.58141514,-9.18706771330327,59.5092236995697,33.16892362157848
259,2012,ZAF,South Africa,19.95,8.29935,2.403802707440944,-43.603949280658036,14.627926046318512,13215.70868,-4.683736434,-3.59616464424154,53.70960831642151,15.06255938934432
260,2013,AUS,Australia,4.8675,1.024476739,4.751205971500344,6.480786558819918,0.11089615800858785,45906.44004,-3.255308103,-2.78301689090071,58.20971727371216,26.47139891580485
261,2013,BRA,Brazil,11.625,2.1319999999999997,5.452626641651033,22.20054804974827,5.529561799192804,15588.72613,-3.234783523,-3.30893861695669,57.031404972076416,7.832709172876121
262,2013,CAN,Canada,5.470000000000001,1.027075,5.325803860477571,19.358282407313276,0.1367176823005879,44298.57873,-3.146875451,-1.49475856710511,64.96884822845459,22.78829117683742
263,2013,CHE,Switzerland,6.5,0.9398500000000001,6.915997233601106,54.99661132138209,-0.39060773108085106,62225.08727,10.11918925,-0.428613530822639,68.4298038482666,24.650051958149422
264,2013,CHL,Chile,2025.0,489.9525,4.133053714390681,-7.372820071784991,95.09962100167574,22439.27325,-4.763699228,-0.534483780175692,43.96144151687622,14.874585526156771
265,2013,CHN,China,16.0,6.17725,2.5901493382977865,-41.951340248955304,11.560216087674323,11872.49738,1.54856488,0.648948562069282,57.11438059806824,12.558113774076197
266,2013,CZE,Czech Republic,70.39,19.538875,3.602561559966989,-19.26184829012596,39.19680640884618,30818.10816,-0.522421129,-1.28388671363478,53.051549196243286,23.436982723445695
267,2013,DNK,Denmark,28.5,5.649275,5.044895141411951,13.06274785529462,18.25299988995179,46726.85414,7.766838829,-1.2356471875801,62.83210515975952,25.375904726916463
268,2013,GBR,Britain,2.69,0.651177231,4.130979819225282,-7.419298795245277,-1.4032328554146287,40218.74726,-4.776979551,-5.46779280095697,59.552931785583496,26.6736593930393
269,2013,HUN,Hungary,845.0,222.96567499999998,3.7898210116871134,-15.065117222405977,89.01695015749344,24556.71535,3.437639657,-2.59655900859683,57.4850857257843,17.75246693295164
270,2013,IDN,Indonesia,27939.0,9866.25,2.8317749904979097,-36.536190989296415,99.63325448485861,10067.46574,-3.189964829,-2.07406422327615,46.118760108947754,9.740215239685577
271,2013,JPN,Japan,320.0,95.58500000000001,3.3478056180363023,-24.971264644632363,75.39337961475326,39402.0251,0.889785416,-7.61141229241719,56.298792362213135,32.24522747588613
272,2013,KOR,South Korea,3800.0,1110.5875,3.4216124348599273,-23.31715662323236,97.34816378372153,34244.31214,5.636064381,1.28341250454502,51.14167332649231,27.41983057590646
273,2013,MEX,Mexico,37.0,12.839775,2.881670434256052,-35.41796834667951,24.903890193973684,17373.89746,-2.472690293,-4.54687794920237,37.61442005634308,16.518099537909773
274,2013,NZL,New Zealand,5.35,1.2408869405,4.311432271053061,-3.375121564801664,0.9858260360198755,36242.62123,-3.057464071,-0.724414928348053,56.40583038330078,23.030595505720164
275,2013,POL,Poland,9.149999999999999,3.22875,2.8339140534262484,-36.48825177039608,5.786611036714385,24567.50617,-1.816641951,-4.22511604859102,55.650752782821655,23.75098002736358
276,2013,RUS,Russia,79.94,31.49195,2.538426486768841,-43.11051750771936,43.01521257821005,26073.87453,1.45817187,-0.567405880547197,57.178795337677,28.141556612837487
277,2013,SWE,Sweden,41.084650690000004,6.55375,6.268876702651155,40.49378750207442,24.677223083500586,46312.39238,5.232062108,-1.46261606086425,55.86293339729309,20.240191793987695
278,2013,USA,United States,4.46203125,1.0,4.46203125,0.0,0.0,53106.53677,-2.022389335,-5.80240715598156,59.30569767951965,32.6078758443699
279,2013,ZAF,South Africa,21.7,9.547125000000001,2.2729355696086513,-49.06051880276161,15.963076771069307,13606.9429,-5.338372748,-3.5633228851816,54.379814863204956,16.401386873828994
280,2014,AUS,Australia,5.074999999999999,1.0941187165,4.638436326392923,-1.510685809527923,0.415478157132597,46880.89518,-3.093746222,-2.23729937093667,59.60260033607483,27.69054044818821
281,2014,BRA,Brazil,12.7,2.2916499999999997,5.5418584862435365,17.671948743818476,6.351500899517713,15718.56495,-4.139961508,-5.87713725998464,56.81036114692688,7.770779714737892
282,2014,CAN,Canada,5.59,1.089575,5.130440768189431,8.93619254373965,0.4352298814381746,45753.75055,-2.318921377,0.174896160104426,64.18065428733826,24.43313292107543
283,2014,CHE,Switzerland,6.33,0.9062250000000001,6.985020276421418,48.31503727168136,-0.6160258407048037,64103.01045,7.454730129,-0.244464252811588,68.2918131351471,25.143046006211453
284,2014,CHL,Chile,2050.0,553.0450000000001,3.7067508068963644,-21.293444782478556,95.17643019502809,22786.64277,-2.005591674,-1.52571929497611,43.96144151687622,16.842016506160576
285,2014,CHN,China,16.75,6.1248000000000005,2.7347831765935213,-41.9315259347768,12.004468371226107,12480.33853,2.253281048,0.603405530864029,57.8006386756897,12.50289551070031
286,2014,CZE,Czech Republic,70.45,20.335749999999997,3.464342352753157,-26.440576428263817,39.299300467730625,32502.47535,0.218629355,-2.07549140933957,51.6910195350647,25.70412176512099
287,2014,DNK,Denmark,28.5,5.5201,5.162949946558939,9.626469709837648,18.161128446257635,47901.44736,8.882124143,1.14442765256798,62.064749002456665,25.41896463080375
288,2014,GBR,Britain,2.84,0.594897302,4.773933232596842,1.3663607699456515,-1.8805262860723864,41580.60249,-5.099862711,-5.49728648165777,58.495962619781494,23.862809412343704
289,2014,HUN,Hungary,860.0,225.70159999999998,3.810340733074112,-19.093888710481764,89.18642284030479,25699.7505,1.137382715,-2.77395224110578,56.27790093421936,18.478734652598916
290,2014,IDN,Indonesia,27939.0,11822.5,2.363205751744555,-49.82134120157288,99.63492561877476,10278.17731,-3.088169076,-1.8583922108027,46.375057101249695,11.91575886679493
291,2014,JPN,Japan,340.0,102.8875,3.30458024541368,-29.832853324673415,76.52168630786052,39555.41201,0.74232205,-5.61611068385212,56.49161338806152,32.794177704906325
292,2014,KOR,South Korea,3900.0,1045.525,3.730183400683867,-20.79589346788937,97.4067454149829,35324.49767,5.593787026,1.21232002300297,51.817864179611206,25.944956393696344
293,2014,MEX,Mexico,39.5,13.132650000000002,3.007770708882061,-36.135099521706735,26.159304151339025,18056.78981,-1.933538468,-4.22302456040569,37.41915225982666,16.44761579318859
294,2014,NZL,New Zealand,5.6,1.1778726355,4.754334069084501,0.9502058338406005,0.8008200103366466,37293.35679,-3.09166874,0.245720525816953,54.80015277862549,21.490618614911504
295,2014,POL,Poland,9.2,3.0699,2.996840287957262,-36.36718843808813,5.680549186852322,25475.50469,-2.619834109,-3.64576705601305,55.54094910621643,23.289830806382078
296,2014,RUS,Russia,89.0,34.38825,2.588093316757904,-45.046235866591566,45.72058554668894,25761.64802,2.792909282,-2.24738838263604,58.560311794281006,27.27098637906003
297,2014,SWE,Sweden,40.7,6.654575,6.116093063794457,29.864844312016636,24.57989121265497,47184.66913,4.209427162,-1.52457090762461,55.43705224990845,21.136543339219127
298,2014,USA,United States,4.7095833334999995,1.0,4.7095833334999995,0.0,0.0,55049.98833,-2.110883463,-5.18710224847609,59.427058696746826,32.02446483169687
299,2014,ZAF,South Africa,24.0,10.696075,2.243813735412289,-52.356427808555964,17.545311503699768,13602.10264,-4.812432595,-3.83672083394527,55.23406267166138,16.608345889855933
300,2015,AUS,Australia,5.3,1.2892398919999999,4.11094943065879,-14.176421071841538,1.1292028198871886,46248.61646,-4.217495101,-2.22284019728016,60.40282845497131,30.82220795556465
301,2015,BRA,Brazil,13.5,2.8725500000000004,4.699657099093139,-1.8860730878259013,7.7536060800941495,14744.11363,-3.040102904,-7.75095913180372,58.119797706604004,8.59527216800741
302,2015,CAN,Canada,5.775,1.259125,4.586518415566365,-4.248049779407825,1.1235940292447506,44670.08054,-3.513987167,-0.061845591002195,67.02593564987183,26.68337314116231
303,2015,CHE,Switzerland,6.5,0.907225,7.16470555815812,49.5763164542405,-0.6241366743268735,66020.20434,9.450987102,0.539275975996689,68.867427110672,25.24559742143582
304,2015,CHL,Chile,2100.0,634.9675,3.3072558831751233,-30.954992000519344,95.30421564167386,22698.54566,-2.351295945,-2.05906687938438,43.96144151687622,18.803442650184017
305,2015,CHN,China,17.1,6.21035,2.7534680009983337,-42.51632565765483,12.251521775407062,12897.50229,2.649016055,-0.609837070967581,58.31686854362488,12.833133597164382
306,2015,CZE,Czech Republic,70.225,24.417749999999998,2.8759816117373633,-39.95863023512811,39.5647045899619,33899.28657,0.44952574,-0.64381765122764,51.255863904953,32.293237671266716
307,2015,DNK,Denmark,34.545,6.614224999999999,5.222834118887701,9.036202899534462,21.793575295337842,49045.33919,8.244292051,-1.32962984181145,61.91054582595825,25.727562706890374
308,2015,GBR,Britain,2.89,0.65102266,4.439169598182651,-7.324225507669091,-1.5056561358564007,42912.87509,-5.162596513,-4.50741314129925,58.50751996040344,26.484575142759194
309,2015,HUN,Hungary,880.0,277.135625,3.1753405936172947,-33.7089646426452,89.47190402105946,26806.59525,2.336481675,-2.0034189543922,55.08677363395691,23.12908632855162
310,2015,IDN,Indonesia,29219.5,12912.25,2.2629286143003737,-52.75723143423019,99.65121189442418,10247.20634,-2.035041922,-2.55379820370968,46.375057101249695,12.406285262554773
311,2015,JPN,Japan,370.0,120.85,3.061646669424907,-36.082532997392335,78.07199007033512,40898.80697,3.070279659,-3.67784610700882,55.57188391685486,36.598451109400216
312,2015,KOR,South Korea,4200.0,1113.4,3.772229207831866,-21.247824471151024,97.58669234400392,37902.4004,7.171545825,1.18041370299183,52.15386152267456,27.528070844983695
313,2015,MEX,Mexico,49.0,15.183625,3.2271608393911206,-32.62712235091606,30.720026282287836,18301.50047,-2.652063762,-5.16765515728037,37.7999871969223,15.537216666133839
314,2015,NZL,New Zealand,5.9,1.4111880735,4.18087433616622,-12.716610935987049,1.6233481244889332,37479.68298,-2.631610575,0.036954648703689,54.69995737075806,24.56042796375061
315,2015,POL,Poland,9.399999999999999,3.7401,2.5133017833747755,-47.53023416754122,6.29497094755505,26862.05252,-0.909772213,-2.59622944047899,54.58492040634155,29.282064304882553
316,2015,RUS,Russia,98.0,61.021,1.6060044902574524,-66.47172254159808,48.68383611603159,24085.32418,4.970892652,-1.39208756736032,57.598525285720825,41.08779890376796
317,2015,SWE,Sweden,42.2,8.357050000000001,5.049628756558834,5.4202245628149015,26.12543688005708,49103.13343,3.316168753,0.012299112539227,54.151451587677,26.641390718118647
318,2015,USA,United States,4.79,1.0,4.79,0.0,0.0,56863.3715,-2.241897475,-4.5985107785484,59.56462621688843,32.52402064803958
319,2015,ZAF,South Africa,25.75,11.94665,2.1554159534262745,-55.00175462575627,18.763088705028803,13701.94539,-4.310286886,-3.68101587041306,56.16903305053711,17.416395360387657
320,2016,AUS,Australia,5.525,1.3757332035,4.01604030922846,-19.437506334434097,1.429954693931808,47255.30701,-3.413143013,-1.58186656844656,58.387696743011475,32.23737427396928
321,2016,BRA,Brazil,14.5,3.6331249999999997,3.991054532943403,-19.938725517684986,9.178118311839823,14256.16339,-1.362996921,-7.15204245175878,58.01931023597717,9.786381410730987
322,2016,CAN,Canada,5.92,1.3561,4.3654597743529235,-12.428088779279356,1.46765504687224,46472.34025,-3.093111447,-0.453312334765877,66.11776351928711,29.165651894217426
323,2016,CHE,Switzerland,6.5,0.99745,6.516617374304476,30.724521049237264,-0.015603168361010713,68105.15498,8.003285567,0.235573891427647,68.83931756019592,28.632871163245948
324,2016,CHL,Chile,2200.0,683.1675,3.220293705423633,-35.400326872143765,95.51216114324245,23437.59253,-1.986144243,-2.64559660277104,43.96144151687622,19.93997695484281
325,2016,CHN,China,18.1,6.6181,2.734923920762757,-45.136932381890524,13.010225299946862,13483.37727,1.703305668,-1.07481968866087,58.62529277801514,13.50705201098721
326,2016,CZE,Czech Republic,75.0,24.845375,3.018670476899624,-39.444925237720675,41.1321882989145,36097.70526,1.764162753,0.711776192532093,52.297574281692505,32.76204653238987
327,2016,DNK,Denmark,30.0,6.848825,4.380313411424588,-12.130122137921994,19.70745122198109,51976.00571,7.76485064,-0.105986872094072,61.84792518615723,32.50909290472975
328,2016,GBR,Britain,2.9400000000000004,0.7216867345,4.073789719907898,-18.279042730032124,-1.1014083154341343,44635.29956,-5.377889849,-3.30322050858905,58.62053036689758,30.01836136696084
329,2016,HUN,Hungary,900.0,289.159375,3.112470415320271,-37.5632815382092,89.68875295846799,27947.63769,4.551530851,-1.79647814194628,56.35905861854553,24.600674116185214
330,2016,IDN,Indonesia,30750.0,13530.0,2.272727272727273,-54.40868058721618,99.66848386621483,10494.4738,-1.819150892,-2.3758397871716,46.375057101249695,12.650872526027397
331,2016,JPN,Japan,370.0,112.685,3.2834893730310157,-34.13261037049116,78.02478949509978,40623.01866,3.938091284,-3.5995727863274,56.545376777648926,33.89563019401777
332,2016,KOR,South Korea,4350.0,1169.35,3.7200153931671442,-25.37581959544344,97.6692131372322,39575.45428,6.527761018,2.20918834297001,51.99909806251526,29.146627279054005
333,2016,MEX,Mexico,46.5,17.985875,2.585362124444877,-48.137169018156925,29.975862031095645,19323.66587,-2.261072246,-2.88241470679049,36.845627427101135,20.477421645578804
334,2016,NZL,New Zealand,5.95,1.464715626,4.062221972908754,-18.5110938232948,1.7817631213697467,39955.80303,-2.192136593,1.05486026888241,55.47559857368469,26.94780202482751
335,2016,POL,Poland,9.6,4.0066749999999995,2.3960016722095006,-51.9357738774423,6.572991174991332,28322.10698,-0.786872846,-2.38584975371441,56.48828744888306,32.385124995459904
336,2016,RUS,Russia,122.0,69.031275,1.7673148873463516,-64.54734428593076,54.15886716786201,24128.08641,1.916436367,-2.4535277564284,57.80907869338989,37.403830410789865
337,2016,SWE,Sweden,44.97,8.59835,5.230073211720853,4.916212873036185,27.41251761625105,50430.25282,2.356978964,1.03478322122767,54.99001741409302,26.417426798069155
338,2016,USA,United States,4.984999999999999,1.0,4.984999999999999,0.0,0.0,58021.4005,-2.120946358,-5.40322841710552,59.37725305557251,31.888212857751338
339,2016,ZAF,South Africa,29.0,15.04375,1.927710843373494,-61.32977244987976,20.986270664051553,13748.46142,-2.633614517,-3.36482965981968,56.834304332733154,19.539765374315067
